Estado;Taxa Emissão;Taxa Sequestro
MT;0.000263;0.6
GO;0.000263;0.6
MG;0.000263;0.6
MS;0.000205;1
PR;0.000205;1
